t_s,lag_ms,peak_ratio,confident,rms_db,comb_ratio,beat_period_ms
8,150,7.34,1,-51.2,1.15,1014.0
10,150,7.27,1,-50.9,1.27,1013.5
12,85,9.09,1,-54.0,1.29,1012.7
14,1382,15.67,1,-57.4,1.16,1012.9
16,1382,19.82,1,-58.6,1.58,1019.3
18,348,13.82,1,-59.9,1.09,587.8
20,2283,18.55,1,-60.1,1.23,587.8
22,2284,15.30,1,-61.4,1.01,937.5
24,2007,13.61,1,-62.2,1.51,820.1
26,937,9.95,1,-63.0,1.26,819.2
29,48,12.42,1,-59.9,1.55,1140.0
31,48,10.84,1,-60.1,1.20,819.2
33,59,11.33,1,-60.1,1.92,819.8
35,82,12.36,1,-62.5,1.28,971.0
37,45,9.62,1,-61.5,1.03,880.0
39,48,10.60,1,-62.2,1.04,880.0
41,48,11.61,1,-62.2,1.16,880.0
43,47,10.20,1,-64.1,1.33,880.0
45,49,6.78,1,-66.1,1.15,880.0
47,49,7.62,1,-66.0,1.45,690.5
49,49,9.16,1,-66.0,1.52,693.2
51,53,8.41,1,-66.0,1.33,926.7
53,49,7.81,1,-66.0,1.31,769.5
55,53,9.16,1,-65.9,1.49,772.8
57,53,8.55,1,-65.9,1.47,981.2
59,44,7.26,1,-66.0,1.29,617.8
61,125,10.30,1,-65.1,1.11,617.9
63,125,11.28,1,-65.0,1.42,616.7
65,125,11.40,1,-65.0,1.36,460.4
67,125,11.38,1,-65.0,1.36,799.7
69,53,6.73,1,-66.0,1.30,767.6
72,53,5.69,1,-66.0,1.01,1087.4
74,84,6.76,1,-66.0,1.06,1087.7
76,44,8.00,1,-65.7,1.13,1088.4
78,53,7.81,1,-65.7,1.32,1090.0
80,53,7.91,1,-65.8,1.37,275.4
82,53,8.41,1,-65.7,1.54,276.0
84,49,8.68,1,-65.6,1.17,276.9
86,49,9.24,1,-65.5,1.24,314.7
88,44,8.62,1,-65.5,1.38,325.3
90,43,8.86,1,-65.5,1.35,1013.4
92,53,19.20,1,-58.9,1.55,910.5
94,47,26.86,1,-32.0,1.12,282.8
96,47,26.04,1,-32.0,1.12,283.4
98,47,25.96,1,-32.0,1.11,280.1
100,47,27.64,1,-32.0,1.11,279.8
102,1763,54.89,1,-58.9,1.56,279.8
104,42,93.45,1,-37.4,1.77,280.4
106,42,68.25,1,-37.4,1.72,1052.2
108,42,68.19,1,-37.3,1.72,1052.2
110,42,74.09,1,-37.4,1.71,1051.6
112,121,15.82,1,-55.7,1.19,1051.6
115,58,22.06,1,-57.4,1.89,1051.7
117,57,21.94,1,-59.0,1.96,776.1
119,57,22.05,1,-59.0,1.91,864.5
121,57,23.65,1,-59.0,1.97,1014.6
123,55,32.86,1,-56.5,2.67,425.3
125,45,9.94,1,-52.9,1.10,425.3
127,53,45.05,1,-28.9,2.04,950.9
129,43,26.93,1,-25.4,2.02,951.2
131,43,27.04,1,-25.4,2.04,954.7
133,43,27.33,1,-25.4,2.05,1003.1
135,401,33.72,1,-29.9,1.17,1082.7
137,53,32.13,1,-54.0,1.72,1082.7
139,122,39.24,1,-64.6,2.35,1156.0
141,49,8.14,1,-66.3,1.37,1066.4
143,53,7.76,1,-66.3,1.33,1074.2
145,53,6.88,1,-66.3,1.32,798.5
147,231,52.23,1,-50.5,2.68,1191.7
149,447,71.57,1,-46.3,1.36,448.2
151,447,69.00,1,-46.3,1.37,448.2
153,447,71.53,1,-46.4,1.36,448.2
155,64,47.32,1,-63.2,1.21,448.2
158,58,83.10,1,-31.0,2.42,448.2
160,168,17.36,1,-22.9,1.14,1089.9
162,68,15.84,1,-21.2,1.08,324.7
164,168,12.99,1,-20.2,1.02,325.3
166,64,11.94,1,-20.7,1.27,325.3
168,64,11.16,1,-23.1,1.01,325.3
170,62,13.22,1,-26.9,1.38,858.7
172,49,34.41,1,-32.0,2.76,939.0
174,64,15.01,1,-35.9,1.18,939.3
176,201,14.06,1,-39.0,1.27,939.1
178,45,11.21,1,-41.8,1.19,939.1
180,64,35.17,1,-46.3,1.61,939.1
182,135,19.90,1,-33.6,1.33,445.9
184,135,19.85,1,-33.6,1.32,607.4
186,135,19.86,1,-33.6,1.32,411.0
188,135,20.26,1,-33.9,1.16,411.0
190,121,21.68,1,-58.0,1.04,410.7
192,54,22.79,1,-54.7,1.47,412.6
194,54,22.10,1,-54.6,1.50,726.9
196,57,29.55,1,-40.4,1.55,372.6
198,57,12.36,1,-34.3,1.07,396.5
201,51,14.65,1,-31.2,1.50,396.8
203,51,12.75,1,-30.8,1.28,287.0
205,42,13.56,1,-31.7,1.09,396.9
207,51,14.79,1,-33.4,1.55,396.9
209,48,25.26,1,-42.1,1.53,396.9
211,51,48.56,1,-57.2,1.52,523.5
213,77,96.66,1,-62.5,2.13,269.6
215,49,6.59,1,-66.8,1.25,867.2
217,77,6.80,1,-66.7,1.01,687.6
219,438,6.47,1,-66.7,1.03,1034.0
221,77,7.02,1,-66.6,1.18,545.3
223,121,6.15,1,-66.5,1.04,544.8
225,121,6.48,1,-66.3,1.08,365.0
227,297,24.77,1,-58.4,1.67,364.0
229,1216,21.79,1,-56.4,1.09,613.3
231,1554,15.07,1,-54.9,1.03,610.4
233,2160,22.49,1,-54.5,1.58,609.5
235,2159,24.81,1,-55.1,1.35,609.2
237,2160,31.14,1,-56.4,1.21,609.0
239,1520,33.10,1,-57.9,1.94,1135.5
241,1282,26.48,1,-58.8,1.88,939.6
244,1191,7.49,1,-63.0,1.03,734.0
246,53,8.87,1,-63.6,1.08,733.1
248,112,19.18,1,-63.6,1.08,404.3
250,56,15.92,1,-62.0,1.10,405.6
252,73,11.84,1,-60.4,1.11,416.6
254,313,13.74,1,-56.5,1.43,272.3
256,639,8.94,1,-54.4,1.00,418.3
258,290,8.68,1,-54.0,1.06,823.5
260,290,8.80,1,-53.3,1.13,821.3
262,639,10.21,1,-54.3,1.07,821.7
264,178,13.19,1,-55.5,1.02,273.0
266,178,14.64,1,-55.9,1.03,275.2
268,178,18.11,1,-56.5,1.28,274.7
270,178,23.38,1,-57.9,1.58,276.3
272,208,24.35,1,-59.7,1.93,561.9
274,208,21.68,1,-59.3,1.69,272.5
276,2152,9.72,1,-59.7,1.19,595.7
278,2152,9.68,1,-59.8,1.25,595.6
280,2152,12.91,1,-60.2,1.58,653.7
282,49,13.70,1,-60.1,1.16,653.8
285,873,38.69,1,-57.1,2.58,874.0
287,873,24.80,1,-55.9,1.31,873.3
289,873,25.80,1,-56.0,1.29,873.2
291,872,27.76,1,-56.3,1.21,873.3
293,733,20.16,1,-60.6,1.90,873.3
295,123,14.39,1,-63.7,1.58,873.3
297,122,18.39,1,-62.9,1.69,277.2
299,978,18.33,1,-60.0,1.40,1140.2
301,1284,20.30,1,-56.5,1.23,276.4
303,1284,15.98,1,-55.4,1.28,275.6
305,1284,16.06,1,-55.7,1.31,275.4
307,1540,10.45,1,-57.1,1.10,276.1
309,73,44.02,1,-28.3,1.08,834.2
311,51,22.53,1,-24.5,1.49,834.0
313,51,23.30,1,-21.7,1.32,949.7
315,51,25.36,1,-20.9,1.31,949.9
317,41,22.77,1,-20.4,1.04,949.7
319,51,23.09,1,-20.8,1.37,1099.5
321,51,27.29,1,-21.8,1.70,1099.6
323,51,25.20,1,-22.7,1.44,997.2
325,51,20.27,1,-20.3,1.60,988.4
328,54,16.86,1,-20.0,1.70,986.7
330,42,13.99,1,-19.5,1.29,986.7
332,40,11.67,1,-18.8,1.05,988.0
334,43,13.87,1,-20.3,1.32,976.0
336,40,12.83,1,-20.6,1.18,948.4
338,50,16.26,1,-21.0,1.50,946.2
340,46,23.57,1,-21.5,1.81,946.2
342,44,14.19,1,-20.0,1.11,944.0
344,50,13.81,1,-19.4,1.43,944.0
346,42,12.11,1,-18.9,1.29,954.7
348,40,13.46,1,-18.9,1.29,964.2
350,56,12.63,1,-19.3,1.72,476.9
352,44,15.43,1,-19.3,1.23,941.0
354,44,14.28,1,-19.4,1.01,1165.0
356,42,14.24,1,-18.7,1.20,965.3
358,49,14.14,1,-18.9,1.39,1162.3
360,54,14.85,1,-18.5,1.45,912.0
362,54,15.19,1,-18.4,1.65,912.0
364,49,17.61,1,-18.3,1.54,913.3
366,49,13.80,1,-18.2,1.33,917.1
368,49,14.93,1,-19.2,1.45,916.5
371,54,11.74,1,-19.5,1.33,960.2
373,48,14.52,1,-20.0,1.23,934.4
375,44,15.69,1,-21.1,1.30,305.3
377,44,17.04,1,-21.6,1.37,999.9
379,48,18.18,1,-21.7,1.19,994.4
381,40,12.73,1,-23.1,1.12,993.3
383,40,14.30,1,-22.4,1.12,994.1
385,40,12.69,1,-21.8,1.17,992.0
387,46,15.34,1,-23.4,1.44,991.5
389,46,14.63,1,-23.2,1.54,490.4
391,43,17.15,1,-22.9,1.35,486.1
393,43,20.64,1,-23.4,1.79,470.1
395,64,12.14,1,-21.7,1.02,468.7
397,64,11.51,1,-22.1,1.07,469.9
399,73,10.96,1,-22.2,1.02,472.0
401,43,12.61,1,-22.1,1.38,468.5
403,45,12.20,1,-23.1,1.33,926.9
405,45,15.32,1,-23.0,1.44,456.2
407,51,18.38,1,-21.0,1.22,456.9
409,56,11.18,1,-18.3,1.09,455.4
411,59,10.27,1,-16.7,1.22,458.4
414,73,10.50,1,-15.4,1.10,466.4
416,78,6.92,1,-15.2,1.02,458.9
418,422,8.75,1,-15.4,1.09,468.9
420,40,14.60,1,-15.3,1.07,496.0
422,422,15.08,1,-16.4,1.06,485.3
424,422,15.09,1,-17.3,1.15,982.0
426,59,18.62,1,-17.2,1.62,938.1
428,57,17.49,1,-18.1,1.35,980.2
430,59,16.98,1,-17.2,1.04,980.3
432,59,19.01,1,-16.3,1.26,470.1
434,43,22.26,1,-16.3,1.44,470.1
436,43,25.31,1,-15.6,1.54,470.8
438,43,28.12,1,-15.6,1.78,470.3
440,43,28.96,1,-15.9,1.54,479.5
442,43,30.46,1,-15.4,1.84,479.6
444,43,27.43,1,-15.5,1.70,480.6
446,43,25.60,1,-15.0,1.43,480.7
448,43,22.98,1,-14.7,1.32,480.7
450,43,18.40,1,-15.0,1.35,480.8
452,43,16.47,1,-15.2,1.40,958.1
454,43,14.31,1,-15.3,1.20,341.0
457,677,11.26,1,-15.4,1.39,341.5
459,677,12.30,1,-15.5,1.42,342.0
461,213,7.96,1,-16.4,1.08,724.5
463,52,10.22,1,-18.0,1.12,342.4
465,62,16.82,1,-18.8,1.24,958.7
467,1256,13.68,1,-18.8,1.02,957.0
469,50,13.17,1,-18.1,1.16,993.3
471,50,16.12,1,-16.8,1.34,969.3
473,1257,21.66,1,-16.3,1.73,971.0
475,1257,20.10,1,-16.2,1.61,825.2
477,1257,19.76,1,-16.4,1.41,824.5
479,1258,13.04,1,-16.9,1.02,824.7
481,1257,18.18,1,-18.3,1.63,462.4
483,1257,22.46,1,-20.2,2.06,959.7
485,1257,21.74,1,-21.9,1.71,616.5
487,1261,16.35,1,-24.4,1.00,648.6
489,47,14.79,1,-27.6,1.03,992.1
491,43,15.60,1,-28.1,1.05,993.4
493,46,25.86,1,-26.7,1.33,957.7
495,46,24.04,1,-25.8,1.79,954.7
497,50,25.25,1,-24.5,1.42,970.5
500,45,27.28,1,-22.9,1.27,969.3
502,51,20.72,1,-21.0,1.15,965.3
504,45,16.90,1,-20.5,1.12,634.7
506,52,17.72,1,-20.5,1.34,989.4
508,41,18.18,1,-20.9,1.20,988.2
510,51,23.69,1,-22.5,1.34,985.1
512,51,26.86,1,-24.1,1.53,982.7
514,51,31.10,1,-25.9,1.59,1088.0
516,51,31.92,1,-27.4,1.51,979.6
518,51,27.76,1,-37.0,1.74,980.4
520,51,30.56,1,-40.0,1.47,980.5
522,1639,13.30,1,-53.0,1.19,502.6
524,1639,13.98,1,-54.2,1.40,556.2
526,737,8.83,1,-53.6,1.01,555.8
528,47,9.60,1,-53.8,1.12,555.1
530,48,9.46,1,-55.2,1.11,555.1
532,2361,13.26,1,-54.9,1.41,1068.9
534,2361,12.46,1,-54.9,1.18,1069.8
536,1143,12.21,1,-54.4,1.10,1144.0
538,1143,15.49,1,-55.5,1.74,780.7
541,1143,11.82,1,-56.6,1.13,780.8
543,485,12.60,1,-59.0,1.22,780.4
545,45,17.66,1,-63.5,1.21,779.8
547,81,16.91,1,-57.6,1.25,779.4
549,81,15.52,1,-54.3,1.24,1011.8
551,81,15.30,1,-54.4,1.25,330.5
553,82,15.05,1,-54.5,1.21,330.5
555,355,23.82,1,-56.8,1.36,330.5
557,44,6.69,1,-68.5,1.22,330.5
559,44,6.87,1,-68.6,1.34,330.6
561,853,19.85,1,-61.0,1.07,669.3
563,1693,12.05,1,-59.2,1.08,491.8
565,1161,31.46,1,-54.0,1.98,350.6
567,1161,20.63,1,-53.3,1.56,1164.4
569,1161,19.43,1,-53.3,1.52,352.1
571,1161,20.20,1,-53.2,1.48,617.3
573,2120,16.64,1,-56.4,1.56,616.5
575,264,8.53,1,-56.9,1.04,616.9
577,403,10.89,1,-58.4,1.36,880.0
579,403,13.30,1,-59.6,1.33,267.1
581,102,15.77,1,-62.2,1.36,404.0
584,49,8.63,1,-69.0,1.69,404.4
586,49,6.96,1,-69.0,1.07,404.1
588,42,7.18,1,-69.0,1.08,1056.4
590,70,6.59,1,-68.9,1.23,255.9
592,42,9.70,1,-68.2,1.34,1086.7
594,42,9.27,1,-68.1,1.71,789.9
596,42,9.68,1,-68.1,1.84,789.9
598,42,10.21,1,-68.1,1.78,789.5
600,46,6.89,1,-68.5,1.29,789.8
602,70,6.92,1,-68.4,1.05,790.4
604,44,11.08,1,-67.3,1.79,1152.8
606,44,11.81,1,-67.1,2.05,1152.7
608,42,49.10,1,-45.1,2.58,705.3
610,42,45.96,1,-45.1,2.60,1173.7
612,42,44.02,1,-45.1,2.28,1173.7
614,42,51.88,1,-45.1,2.21,1057.2
616,44,14.81,1,-64.7,1.67,1057.0
618,44,15.49,1,-58.7,1.11,705.2
620,96,14.69,1,-59.1,1.13,1082.7
622,96,15.60,1,-59.1,1.09,1082.7
624,96,16.29,1,-58.7,1.12,1082.7
627,53,9.98,1,-62.7,1.22,1082.7
629,2247,20.30,1,-61.1,2.52,866.7
631,1305,15.77,1,-58.4,1.78,1141.2
633,1305,12.78,1,-57.6,1.70,874.8
635,1305,9.23,1,-55.5,1.18,874.3
637,1069,8.04,1,-55.6,1.10,874.4
639,1068,9.49,1,-57.2,1.18,874.6
641,40,13.68,1,-57.0,1.07,875.7
643,2326,51.09,1,-51.5,1.11,478.7
645,703,465.47,1,-47.3,7.67,703.9
647,703,458.54,1,-47.3,7.69,703.4
649,703,515.89,1,-47.4,7.28,703.4
651,41,48.39,1,-49.4,1.44,703.4
653,57,6.23,1,-69.7,1.06,703.4
655,73,6.36,1,-69.5,1.12,703.4
657,59,7.38,1,-69.4,1.26,522.6
659,59,8.60,1,-68.0,1.57,301.8
661,62,18.59,1,-57.9,1.24,957.9
663,51,17.60,1,-57.8,1.23,957.8
665,50,13.71,1,-55.7,1.10,957.8
667,50,14.53,1,-55.7,1.11,957.8
670,43,12.64,1,-59.1,1.13,957.8
672,46,12.50,1,-60.9,1.19,957.9
674,64,6.17,1,-68.0,1.10,1045.3
676,41,6.30,1,-67.8,1.15,298.7
678,41,7.10,1,-67.7,1.24,1046.5
680,48,8.04,1,-67.7,1.31,705.8
682,48,7.24,1,-67.6,1.42,298.3
684,44,6.01,1,-67.7,1.14,837.3
686,44,6.94,1,-67.6,1.35,839.0
688,49,7.12,1,-67.5,1.20,1160.1
690,49,7.08,1,-67.3,1.02,959.8
692,75,6.99,1,-67.2,1.10,747.5
694,55,6.18,1,-67.0,1.05,747.2
696,49,6.16,1,-66.9,1.15,747.2
698,53,7.00,1,-66.8,1.36,746.7
700,53,7.61,1,-66.7,1.52,746.6
702,53,8.29,1,-66.6,1.50,580.1
704,53,7.82,1,-66.6,1.22,577.3
706,53,8.36,1,-66.5,1.64,578.4
708,53,8.51,1,-66.5,1.67,288.2
710,53,8.13,1,-66.5,1.43,397.0
713,53,8.32,1,-66.5,1.62,396.1
715,53,7.39,1,-66.5,1.36,350.5
717,53,7.61,1,-66.4,1.44,865.6
719,53,7.88,1,-66.4,1.17,865.6
721,241,6.72,1,-66.4,1.05,864.2
723,53,6.13,1,-66.4,1.05,949.2
725,53,6.87,1,-66.4,1.24,1151.6
727,53,8.44,1,-66.3,1.57,810.1
729,53,8.72,1,-66.3,1.70,927.2
731,53,9.75,1,-66.3,1.94,1197.8
733,53,9.66,1,-66.3,1.61,503.9
735,53,9.15,1,-66.4,1.72,1003.3
737,53,8.22,1,-66.4,1.57,907.1
739,100,6.51,1,-66.5,1.02,907.1
741,53,6.42,1,-66.4,1.14,907.0
743,53,6.05,1,-66.5,1.23,427.2
745,53,7.38,1,-66.4,1.36,427.1
747,53,7.63,1,-66.3,1.27,480.9
749,53,6.35,1,-66.3,1.10,959.4
751,44,7.28,1,-66.4,1.18,853.5
753,44,8.36,1,-66.4,1.42,853.3
756,53,9.13,1,-66.4,1.51,564.8
758,49,7.79,1,-65.1,1.10,422.9
760,676,10.30,1,-62.8,1.00,498.6
762,828,42.76,1,-58.8,2.39,382.5
764,828,26.76,1,-56.2,1.83,382.8
766,1862,26.19,1,-54.9,1.31,861.0
768,1862,22.70,1,-54.2,1.12,859.7
770,1217,18.40,1,-53.4,1.08,418.1
772,1217,21.01,1,-54.4,1.26,789.3
774,1217,27.18,1,-55.6,1.36,788.6
776,1217,42.88,1,-56.7,1.38,886.4
778,1964,10.21,1,-62.6,1.60,885.9
780,56,16.96,1,-59.1,1.34,885.9
782,56,18.94,1,-59.6,1.33,1120.8
784,52,20.45,1,-58.1,1.84,1127.9
786,52,20.91,1,-58.2,1.87,788.4
788,40,14.24,1,-61.4,1.41,788.8
790,40,18.54,1,-61.4,1.67,789.1
792,42,6.25,1,-69.3,1.21,789.3
794,1244,5.97,1,-69.1,1.20,437.1
797,101,6.34,1,-68.8,1.06,1076.7
799,101,5.99,1,-68.6,1.04,1057.2
801,44,6.22,1,-68.5,1.00,917.2
803,42,6.68,1,-68.3,1.32,917.2
805,44,6.51,1,-68.3,1.33,916.1
807,240,7.15,1,-68.3,1.25,777.7
809,70,7.14,1,-68.2,1.13,308.9
811,48,6.55,1,-68.2,1.02,843.6
813,75,6.41,1,-68.0,1.05,310.3
815,199,15.12,1,-61.1,1.46,318.4
817,1893,18.80,1,-57.9,1.33,982.5
819,1954,24.78,1,-54.9,1.65,982.9
821,1574,28.23,1,-54.6,1.36,1013.8
823,1574,31.10,1,-55.7,1.29,1013.7
825,1574,50.77,1,-57.1,2.13,1013.7
827,57,18.21,1,-59.1,1.00,1013.9
829,40,61.70,1,-41.0,1.77,529.8
831,1041,77.02,1,-34.3,1.02,521.4
833,2081,45.43,1,-31.9,1.11,516.8
835,2081,36.55,1,-30.5,1.01,515.6
837,1022,35.40,1,-29.8,1.11,514.3
840,1022,39.80,1,-30.1,1.29,1025.2
842,1022,28.49,1,-30.2,1.14,1024.5
844,2046,24.94,1,-30.3,1.20,1024.5
846,2061,26.40,1,-30.5,1.06,512.6
848,2061,27.59,1,-30.7,1.26,513.2
850,1036,32.75,1,-31.1,1.18,512.9
852,1034,30.15,1,-30.9,1.15,513.4
854,1034,25.32,1,-30.9,1.13,513.5
856,1034,25.00,1,-30.8,1.23,513.2
858,1030,24.05,1,-30.7,1.03,512.4
860,553,14.99,1,-26.0,1.29,512.3
862,553,12.24,1,-24.0,1.37,512.5
864,673,13.69,1,-21.7,1.36,512.2
866,673,12.64,1,-20.6,1.42,511.8
868,673,15.22,1,-21.4,1.69,513.0
870,51,11.21,1,-21.5,1.43,513.0
872,674,10.42,1,-23.1,1.21,513.2
874,48,10.41,1,-24.2,1.26,513.5
876,1038,11.22,1,-24.3,1.16,514.9
878,48,11.51,1,-24.1,1.40,515.0
880,48,9.68,1,-24.1,1.11,515.1
883,1020,7.89,1,-24.9,1.00,515.3
885,1016,8.29,1,-23.9,1.06,516.1
887,1034,7.46,1,-23.0,1.04,515.8
889,2051,8.98,1,-22.2,1.27,515.3
891,44,7.52,1,-21.8,1.08,516.3
893,489,7.66,1,-22.4,1.03,514.7
895,492,9.69,1,-23.1,1.19,1025.8
897,2046,9.41,1,-23.9,1.08,1028.2
899,2046,9.20,1,-24.5,1.04,515.1
901,625,11.57,1,-21.6,1.26,514.0
903,625,9.52,1,-20.7,1.22,513.8
905,625,10.63,1,-19.0,1.18,513.4
907,625,10.02,1,-18.6,1.02,512.4
909,41,10.12,1,-19.0,1.20,511.8
911,41,9.88,1,-19.2,1.16,512.3
913,56,7.92,1,-19.4,1.10,512.2
915,40,7.70,1,-19.2,1.05,512.5
917,40,9.16,1,-19.7,1.18,513.8
919,1025,11.96,1,-19.8,1.22,513.5
921,1025,20.36,1,-20.4,1.10,511.4
923,1025,19.06,1,-20.1,1.03,512.6
926,2050,16.05,1,-19.6,1.25,512.4
928,1025,12.62,1,-19.2,1.09,512.1
930,1025,18.81,1,-19.5,1.60,513.1
932,1025,29.67,1,-19.7,1.62,512.3
934,1025,33.58,1,-20.1,1.27,513.4
936,1025,23.26,1,-21.2,1.10,512.8
938,1025,17.44,1,-21.3,1.70,513.5
940,63,10.58,1,-21.3,1.13,513.5
942,2133,11.49,1,-21.4,1.22,513.7
944,2133,8.93,1,-20.7,1.05,513.6
946,64,7.77,1,-20.6,1.13,513.0
948,51,7.87,1,-21.5,1.17,511.8
950,47,9.43,1,-22.1,1.19,511.2
952,43,8.09,1,-22.7,1.04,512.0
954,43,9.29,1,-23.2,1.30,256.9
956,46,9.82,1,-22.9,1.44,506.7
958,46,8.71,1,-22.8,1.18,1026.1
960,44,12.89,1,-23.2,1.36,1026.5
962,44,12.73,1,-23.4,1.23,514.9
964,44,13.34,1,-22.2,1.66,513.7
966,1184,11.97,1,-20.3,1.29,515.2
969,1184,12.09,1,-20.3,1.36,515.5
971,1184,10.23,1,-20.2,1.09,515.3
973,43,9.56,1,-21.0,1.11,514.4
975,1637,11.54,1,-21.9,1.14,516.6
977,1639,9.29,1,-21.6,1.02,514.6
979,1646,9.75,1,-21.4,1.10,514.6
981,52,9.14,1,-22.4,1.39,513.9
983,1659,11.48,1,-22.2,1.00,1024.4
985,1661,13.79,1,-21.3,1.81,1024.7
987,1661,11.49,1,-20.3,1.83,1024.2
989,50,8.32,1,-19.1,1.20,512.3
991,43,9.97,1,-18.8,1.73,512.5
993,42,10.64,1,-19.1,1.53,510.8
995,42,10.74,1,-19.7,1.60,1030.0
997,45,8.18,1,-19.9,1.16,1030.2
999,56,9.96,1,-19.8,1.36,1029.3
1001,41,10.71,1,-19.6,1.23,1029.3
1003,1026,11.73,1,-19.4,1.13,511.4
1005,1026,15.20,1,-19.4,1.57,1026.1
1007,46,10.62,1,-19.2,1.03,510.0
1009,46,11.90,1,-18.9,1.43,510.8
1012,1026,15.29,1,-18.9,1.21,1025.5
1014,1026,12.75,1,-18.4,1.17,512.0
1016,1026,15.43,1,-18.6,1.19,1025.7
1018,1026,12.44,1,-19.0,1.71,1025.3
1020,1026,10.77,1,-18.0,1.22,1025.4
1022,40,11.59,1,-18.4,1.32,1025.9
1024,221,8.79,1,-17.9,1.01,511.9
1026,40,10.84,1,-18.1,1.25,512.2
1028,58,10.47,1,-18.8,1.20,512.7
1030,1026,15.66,1,-18.7,1.49,513.2
1032,1026,15.80,1,-19.0,1.38,513.1
1034,1026,15.40,1,-19.8,1.64,512.6
1036,55,10.90,1,-18.8,1.24,512.8
1038,55,10.08,1,-18.9,1.31,512.4
1040,42,11.71,1,-19.4,1.38,512.5
1042,2052,12.45,1,-19.5,1.24,512.0
1044,1026,18.70,1,-20.0,1.47,512.1
1046,1026,19.03,1,-20.9,1.64,1024.5
1048,2052,19.22,1,-21.7,1.20,1025.0
1050,1026,30.51,1,-22.4,1.96,1025.0
1053,1026,25.45,1,-22.5,1.24,1025.6
1055,2052,30.13,1,-22.3,1.17,1025.0
1057,1026,55.00,1,-22.3,1.37,1025.5
1059,1026,48.59,1,-21.8,2.29,1025.1
1061,1026,17.12,1,-21.6,1.06,1025.2
1063,2052,22.60,1,-21.8,2.30,1024.4
1065,2051,15.88,1,-21.7,1.87,1024.7
1067,2050,15.51,1,-21.6,1.68,1024.9
1069,1025,18.76,1,-20.3,1.60,1024.9
1071,1025,14.76,1,-19.6,1.29,1024.8
1073,1025,11.24,1,-18.8,1.10,1024.7
1075,44,11.05,1,-18.3,1.33,512.3
1077,1026,11.13,1,-19.0,1.15,513.1
1079,42,10.44,1,-19.1,1.10,1024.7
1081,2051,14.42,1,-19.4,1.40,1025.6
1083,2051,14.60,1,-19.8,1.50,1026.0
1085,1026,12.01,1,-19.1,1.01,1026.4
1087,1026,14.50,1,-18.4,1.28,1026.1
1089,42,11.58,1,-18.1,1.33,1026.2
1091,58,11.25,1,-17.7,1.20,511.6
1093,42,11.10,1,-17.8,1.48,1025.1
1096,2051,10.16,1,-18.5,1.05,512.4
1098,1025,14.26,1,-18.9,1.30,512.2
1100,2051,14.33,1,-19.7,1.26,512.9
1102,429,13.49,1,-19.5,1.35,513.6
1104,2480,14.44,1,-18.8,1.42,514.2
1106,2480,14.86,1,-19.4,1.35,517.3
1108,429,10.86,1,-19.1,1.03,517.3
1110,1026,14.00,1,-19.2,1.68,512.9
1112,45,9.20,1,-19.6,1.13,1024.9
1114,1026,15.79,1,-19.4,1.71,1024.9
1116,49,10.74,1,-19.7,1.23,1025.3
1118,1026,14.64,1,-20.1,1.32,1025.8
1120,1026,22.64,1,-20.1,1.52,1024.5
1122,1026,19.44,1,-20.2,1.63,1025.6
1124,2051,11.14,1,-20.0,1.13,510.8
1126,2051,17.33,1,-20.4,1.14,508.3
1128,1025,23.84,1,-19.8,1.60,510.5
1130,1025,28.04,1,-20.3,2.13,510.4
1132,1025,28.14,1,-19.9,2.14,511.5
1134,1025,24.56,1,-20.0,1.59,510.0
1136,1025,21.46,1,-20.8,1.03,512.2
1139,1026,17.39,1,-21.4,1.18,511.8
1141,2051,28.71,1,-22.2,1.02,1025.1
1143,2051,23.83,1,-22.1,1.41,1024.3
1145,1025,19.87,1,-22.3,1.65,1023.8
1147,1025,28.87,1,-21.9,3.14,1024.1
1149,1025,28.00,1,-21.7,2.64,1024.3
1151,2051,23.64,1,-22.6,1.57,1024.1
1153,2051,22.67,1,-21.8,2.41,1024.1
1155,2051,28.12,1,-21.7,1.37,1024.8
1157,1025,40.16,1,-21.3,1.31,513.8
1159,1025,42.81,1,-20.9,1.82,1024.6
1161,1025,36.22,1,-21.3,2.18,1024.1
1163,1025,24.43,1,-20.8,2.47,1024.7
1165,61,7.95,1,-20.5,1.02,512.0
1167,1026,15.49,1,-19.9,1.35,512.3
1169,2051,18.06,1,-19.7,1.41,512.7
1171,1026,21.97,1,-20.2,1.38,511.0
1173,2051,14.08,1,-19.7,1.09,512.0
1175,51,14.58,1,-20.0,1.09,510.9
1177,1026,14.14,1,-20.2,1.32,510.4
1179,41,10.51,1,-20.0,1.02,509.6
1182,2051,13.42,1,-20.7,1.03,508.8
1184,2051,17.45,1,-20.9,1.24,1022.7
1186,1026,25.43,1,-21.5,2.36,1024.8
1188,2051,25.65,1,-22.9,1.15,1025.9
1190,2051,26.22,1,-24.4,2.05,1025.8
1192,2051,15.73,1,-27.0,1.00,1025.8
1194,2051,38.71,1,-29.4,1.47,1025.1
1196,2051,42.33,1,-33.5,1.81,1025.0
1198,1025,31.74,1,-38.8,1.13,1024.9
1200,1025,56.23,1,-45.7,1.38,1024.7
1202,1025,56.04,1,-54.6,3.08,1024.1
1204,48,14.27,1,-65.3,1.69,1023.5
1206,41,8.59,1,-69.6,1.16,1035.3
1208,48,7.60,1,-69.5,1.25,489.9
1210,68,7.50,1,-69.4,1.28,874.3
1212,53,9.07,1,-64.5,1.03,1152.5
1214,80,12.53,1,-61.6,1.34,474.7
1216,80,13.04,1,-61.6,1.44,474.7
1218,80,13.85,1,-61.7,1.37,474.7
1220,62,20.69,1,-63.5,1.47,525.6
1222,50,6.26,1,-68.7,1.37,525.9
1225,42,6.62,1,-68.5,1.11,527.1
1227,42,7.52,1,-68.4,1.34,362.0
1229,46,6.87,1,-68.2,1.27,748.9
1231,48,6.40,1,-68.1,1.01,316.5
1233,76,5.54,1,-68.1,1.01,1195.7
1235,46,6.12,1,-68.1,1.04,1121.4
1237,49,10.07,1,-63.3,1.18,1118.9
1239,649,31.32,1,-60.1,3.73,414.3
1241,649,30.77,1,-60.1,3.75,1074.5
1243,649,29.34,1,-58.5,1.22,1074.5
1245,1464,27.78,1,-56.8,1.48,927.9
1247,2427,35.89,1,-56.3,2.30,927.3
1249,2427,35.08,1,-56.2,2.25,830.0
1251,2427,44.82,1,-57.1,4.28,830.0
1253,220,16.74,1,-60.1,1.14,829.9
1255,50,7.69,1,-68.1,1.26,829.9
1257,121,6.74,1,-68.0,1.06,830.9
1259,63,5.87,1,-67.9,1.02,895.9
1261,46,6.44,1,-67.3,1.20,780.9
1263,48,7.66,1,-67.1,1.30,781.5
1265,48,8.35,1,-67.1,1.41,781.6
1268,48,8.09,1,-67.2,1.60,781.6
1270,53,8.23,1,-67.2,1.50,781.6
1272,41,34.63,1,-42.5,1.22,250.7
1274,41,22.81,1,-39.6,1.66,464.7
1276,41,23.25,1,-37.7,1.74,467.1
1278,41,19.30,1,-32.4,1.37,466.3
1280,41,21.36,1,-30.7,1.77,926.1
1282,41,15.56,1,-26.0,1.01,925.6
1284,48,14.41,1,-24.9,1.08,922.7
1286,268,17.13,1,-23.6,1.22,922.7
1288,268,18.67,1,-21.3,1.33,922.7
1290,268,20.39,1,-21.9,1.42,921.4
1292,268,18.91,1,-21.0,1.51,922.6
1294,268,15.36,1,-21.0,1.01,922.3
1296,266,16.57,1,-21.3,1.18,920.0
1298,266,16.34,1,-20.4,1.28,918.4
1300,268,12.99,1,-20.7,1.07,919.0
1302,269,16.97,1,-20.1,1.58,917.1
1304,268,21.58,1,-21.2,1.82,915.3
1306,268,25.73,1,-22.4,2.01,918.5
1309,268,29.13,1,-22.2,2.48,919.9
1311,269,18.90,1,-22.4,1.33,920.0
1313,260,14.07,1,-22.3,1.43,919.5
1315,268,13.77,1,-22.0,1.27,918.7
1317,268,19.48,1,-21.1,1.61,918.5
1319,268,23.39,1,-21.9,2.43,914.1
1321,268,26.55,1,-21.8,2.80,915.2
1323,268,23.77,1,-21.8,2.35,909.1
1325,268,14.67,1,-22.6,1.55,910.0
1327,268,22.39,1,-20.7,1.86,912.5
1329,268,22.85,1,-20.1,1.59,914.4
1331,268,18.71,1,-20.1,1.26,921.6
1333,268,20.16,1,-20.0,1.50,923.3
1335,268,17.41,1,-20.6,1.11,922.7
1337,269,19.18,1,-19.1,1.02,924.9
1339,269,18.39,1,-18.7,1.20,460.0
1341,269,19.22,1,-18.6,1.21,458.3
1343,269,23.88,1,-19.0,1.65,917.0
1345,269,27.32,1,-20.5,2.09,915.7
1347,269,26.02,1,-21.9,2.29,916.9
1349,268,23.05,1,-21.8,1.74,917.4
1352,270,21.10,1,-22.4,1.59,918.0
1354,270,19.46,1,-22.6,1.44,918.0
1356,270,18.84,1,-21.3,1.25,918.4
1358,429,15.80,1,-20.7,1.33,920.6
1360,429,21.74,1,-20.2,1.83,922.4
1362,429,23.60,1,-18.9,1.78,920.3
1364,429,20.09,1,-18.9,1.29,917.6
1366,429,21.85,1,-19.0,1.70,917.0
1368,429,18.75,1,-19.2,1.23,915.9
1370,430,14.53,1,-20.1,1.13,915.9
1372,41,15.85,1,-21.7,1.08,464.0
1374,41,16.84,1,-21.9,1.08,461.0
1376,93,17.87,1,-22.2,1.31,464.0
1378,41,18.34,1,-21.5,1.26,464.6
1380,429,18.16,1,-20.8,1.01,462.4
1382,425,14.35,1,-21.0,1.14,461.2
1384,45,15.65,1,-21.5,1.12,459.7
1386,429,14.73,1,-20.7,1.11,462.4
1388,429,18.27,1,-20.6,1.04,922.7
1390,430,19.59,1,-20.4,1.32,917.8
1392,430,27.96,1,-19.6,1.63,918.0
1395,430,25.15,1,-20.2,1.62,917.7
1397,430,21.04,1,-20.1,1.67,915.0
1399,430,19.34,1,-20.5,1.56,912.3
1401,430,14.62,1,-21.3,1.16,925.6
1403,430,14.38,1,-21.7,1.42,920.5
1405,43,13.41,1,-21.6,1.01,919.4
1407,43,17.17,1,-21.5,1.02,921.8
1409,43,17.95,1,-21.6,1.27,920.3
1411,43,14.87,1,-20.7,1.15,917.2
1413,54,13.24,1,-20.7,1.04,916.1
1415,430,15.18,1,-21.5,1.07,914.6
1417,41,15.17,1,-21.1,1.07,914.6
1419,41,19.78,1,-21.0,1.04,915.0
1421,41,22.99,1,-21.6,1.14,915.0
1423,41,22.05,1,-19.5,1.01,915.5
1425,41,23.21,1,-19.4,1.30,914.1
1427,430,20.31,1,-19.8,1.32,910.8
1429,430,18.42,1,-19.9,1.33,916.3
1431,430,25.02,1,-19.5,1.48,916.5
1433,430,27.00,1,-19.0,2.01,916.1
1435,430,24.45,1,-18.7,1.80,914.2
1438,430,15.70,1,-18.0,1.18,910.8
1440,531,16.66,1,-19.4,1.46,907.5
1442,531,22.61,1,-20.2,1.68,912.9
1444,531,25.09,1,-21.4,2.02,459.5
1446,532,27.07,1,-21.5,1.95,459.8
1448,532,30.39,1,-20.8,3.10,531.6
1450,532,30.42,1,-21.1,2.96,926.7
1452,532,21.63,1,-19.9,1.79,531.1
1454,532,26.84,1,-19.2,2.82,531.3
1456,532,30.19,1,-18.6,3.17,921.9
1458,532,27.18,1,-17.7,2.10,920.6
1460,532,20.61,1,-17.6,1.77,919.7
1462,532,27.05,1,-17.9,2.06,461.2
1464,532,22.51,1,-18.4,2.05,463.0
1466,532,20.34,1,-18.5,1.38,461.9
1468,532,20.22,1,-19.5,1.58,463.2
1470,94,13.81,1,-20.3,1.09,464.0
1472,532,20.76,1,-20.0,1.45,464.0
1474,532,17.27,1,-20.6,1.24,465.9
1476,532,14.94,1,-19.7,1.08,462.5
1478,531,13.18,1,-19.0,1.06,465.9
1481,94,14.20,1,-19.3,1.13,930.0
1483,532,19.54,1,-18.0,1.46,929.6
1485,532,18.34,1,-17.8,1.22,929.5
1487,532,17.10,1,-18.2,1.19,924.8
1489,532,12.87,1,-18.0,1.11,919.9
1491,43,10.93,1,-19.1,1.02,917.5
1493,532,13.28,1,-19.6,1.21,906.6
1495,532,17.13,1,-19.7,1.41,912.0
1497,532,16.99,1,-19.9,1.07,915.2
1499,41,18.82,1,-20.3,1.59,914.7
1501,41,22.88,1,-20.6,1.84,912.0
1503,41,17.91,1,-20.8,1.31,912.0
1505,41,16.09,1,-21.2,1.11,910.1
1507,533,20.01,1,-19.7,1.72,908.3
1509,533,23.17,1,-19.2,1.66,907.9
1511,533,23.98,1,-18.8,1.75,906.4
1513,533,23.30,1,-18.7,1.55,906.1
1515,41,17.31,1,-18.8,1.13,906.7
1517,533,16.28,1,-18.1,1.27,906.2
1519,533,14.57,1,-17.1,1.20,907.2
1521,533,14.12,1,-17.1,1.20,906.8
1524,43,12.34,1,-17.2,1.07,906.8
1526,56,17.20,1,-17.9,1.27,906.3
1528,52,16.27,1,-18.6,1.01,906.4
1530,46,15.01,1,-18.0,1.16,905.8
1532,46,16.16,1,-18.1,1.14,905.0
1534,46,22.15,1,-17.5,1.13,451.3
1536,533,21.76,1,-18.6,1.15,451.6
1538,533,22.06,1,-19.1,1.13,899.2
1540,43,18.92,1,-19.8,1.11,898.3
1542,533,19.71,1,-22.1,1.13,898.4
1544,43,19.75,1,-23.1,1.21,901.3
1546,43,23.48,1,-26.0,1.30,901.3
1548,41,30.67,1,-28.6,1.79,890.7
1550,41,11.91,1,-33.4,1.02,669.0
1552,43,18.54,1,-38.1,1.37,887.1
1554,42,27.30,1,-41.1,1.50,442.7
1556,42,10.33,1,-61.8,1.13,666.7
1558,42,13.28,1,-62.2,1.16,919.3
1560,40,13.10,1,-65.8,1.98,682.4
1562,40,12.79,1,-65.8,1.80,682.5
1565,49,9.97,1,-66.8,1.84,682.5
1567,2066,39.53,1,-64.0,1.49,1030.8
1569,2066,38.71,1,-64.0,1.45,1031.6
1571,2066,39.21,1,-64.0,1.43,1032.4
1573,73,27.69,1,-64.8,1.28,1029.7
1575,41,6.79,1,-68.4,1.29,1031.2
1577,42,64.78,1,-52.9,4.85,323.7
1579,42,37.83,1,-52.5,1.45,912.6
1581,42,35.89,1,-52.5,1.45,1044.8
1583,42,37.76,1,-52.5,1.45,1044.8
1585,41,24.70,1,-56.8,1.09,1044.7
1587,53,25.07,1,-55.4,1.15,1044.4
1589,53,25.39,1,-55.4,1.17,1044.4
1591,53,27.73,1,-55.3,1.26,1082.5
1593,41,45.27,1,-43.0,1.19,1082.0
1595,41,25.43,1,-42.7,1.14,706.0
1597,41,25.11,1,-42.6,1.15,707.4
1599,41,25.51,1,-42.6,1.14,707.4
1601,52,20.09,1,-50.9,1.37,705.4
1603,612,13.61,1,-52.8,1.06,310.1
1605,970,25.56,1,-52.3,1.20,749.4
1608,970,20.76,1,-51.6,1.24,1000.3
1610,970,24.45,1,-53.9,1.32,1001.7
1612,1993,24.83,1,-54.8,1.34,1001.6
1614,1993,25.99,1,-55.1,1.41,1143.0
1616,785,9.66,1,-56.3,1.10,1144.1
1618,785,9.29,1,-56.6,1.01,858.7
1620,1122,9.84,1,-56.6,1.10,768.0
1622,2297,14.02,1,-56.4,1.85,1166.1
1624,1333,21.40,1,-53.7,1.37,567.2
1626,1333,21.52,1,-54.0,1.26,567.9
1628,1333,21.08,1,-54.4,1.25,567.9
1630,1333,21.89,1,-54.5,1.19,567.9
1632,44,16.97,1,-58.5,1.41,981.6
1634,474,83.82,1,-56.7,4.09,1194.6
1636,83,26.28,1,-41.6,1.08,471.6
1638,83,18.01,1,-40.3,1.01,992.2
1640,83,17.97,1,-40.3,1.01,991.3
1642,83,19.28,1,-40.3,1.07,991.4
1644,66,89.30,1,-45.9,2.02,992.1
1646,43,26.68,1,-57.7,1.22,949.8
1648,43,28.19,1,-57.7,1.34,679.9
1651,485,15.55,1,-65.2,1.36,483.8
1653,748,18.43,1,-59.2,1.13,746.8
1655,829,35.37,1,-57.0,1.94,831.5
1657,1946,42.07,1,-55.8,1.60,831.6
1659,1946,43.78,1,-55.9,1.55,831.8
1661,1946,37.53,1,-55.5,1.47,449.4
1663,570,22.44,1,-57.0,1.64,448.3
1665,49,23.66,1,-51.6,1.27,448.6
1667,49,17.81,1,-49.6,1.11,450.3
1669,49,17.80,1,-49.5,1.23,448.0
1671,49,17.70,1,-49.4,1.22,448.3
1673,42,15.14,1,-52.4,1.11,424.6
1675,41,24.89,1,-56.6,1.30,424.2
1677,47,11.82,1,-58.0,1.35,432.0
1679,47,11.06,1,-56.0,1.33,645.3
1681,45,12.17,1,-56.4,1.42,666.7
1683,53,30.96,1,-42.6,2.10,666.7
1685,65,19.56,1,-41.3,1.26,665.2
1687,54,19.65,1,-39.4,1.65,647.6
1689,54,18.29,1,-38.8,1.48,664.0
1691,43,12.33,1,-41.0,1.08,1099.4
1694,41,16.13,1,-43.0,1.31,650.5
1696,41,22.26,1,-40.6,1.33,276.1
1698,41,31.07,1,-41.5,1.20,276.0
1700,44,38.09,1,-41.3,1.63,276.1
1702,44,44.09,1,-41.3,1.49,276.1
1704,43,16.65,1,-50.8,1.33,276.0
1706,43,16.62,1,-50.8,1.32,276.1
1708,112,7.72,1,-56.0,1.45,310.9
1710,112,7.61,1,-62.9,1.01,311.2
1712,50,12.20,1,-68.7,1.87,310.8
1714,50,12.58,1,-67.9,1.67,552.4
1716,50,11.51,1,-66.3,1.45,552.3
1718,92,49.52,1,-37.0,1.04,1076.7
1720,999,13.59,1,-31.7,1.00,485.4
1722,999,12.51,1,-30.5,1.05,992.3
1724,979,12.76,1,-29.5,1.03,992.7
1726,992,14.72,1,-29.4,1.16,992.5
1728,992,18.14,1,-30.5,1.12,993.0
1730,40,15.89,1,-30.0,1.28,991.5
1732,996,15.53,1,-28.9,1.53,493.7
1734,996,11.26,1,-28.1,1.02,992.2
1737,502,19.81,1,-26.3,1.43,992.8
1739,502,21.63,1,-25.6,2.19,496.4
1741,502,28.38,1,-22.4,1.59,497.5
1743,502,40.60,1,-21.9,2.44,499.3
1745,502,35.44,1,-20.3,1.97,500.0
1747,502,30.01,1,-19.9,1.92,500.4
1749,502,23.31,1,-21.8,2.10,499.9
1751,502,23.22,1,-21.7,1.94,499.2
1753,503,23.90,1,-20.5,1.75,499.1
1755,502,26.73,1,-19.2,2.11,499.5
1757,502,28.66,1,-18.3,2.25,498.8
1759,502,28.31,1,-18.3,2.27,992.9
1761,502,19.91,1,-20.1,1.56,992.3
1763,502,19.24,1,-21.4,1.27,993.0
1765,502,24.80,1,-21.8,1.68,498.8
1767,503,28.40,1,-22.2,1.77,498.5
1769,503,36.51,1,-22.7,2.49,498.7
1771,503,33.90,1,-21.4,2.51,497.8
1773,503,26.42,1,-22.6,2.33,497.3
1775,503,25.93,1,-22.6,2.27,497.8
1777,503,23.26,1,-22.1,1.71,498.3
1780,503,28.31,1,-23.1,1.69,499.5
1782,503,26.64,1,-22.8,1.44,500.0
1784,503,25.92,1,-20.9,1.99,500.2
1786,503,24.53,1,-21.3,1.85,500.2
1788,503,26.13,1,-21.9,1.80,499.7
1790,503,17.69,1,-22.4,1.13,500.4
1792,503,15.31,1,-21.5,1.05,500.2
1794,503,19.56,1,-20.3,1.54,500.0
1796,503,22.20,1,-20.0,2.24,500.1
1798,503,19.06,1,-19.9,1.74,500.3
1800,503,12.60,1,-19.8,1.11,499.2
1802,503,20.31,1,-19.1,2.03,497.9
1804,503,20.73,1,-19.2,2.12,497.8
1806,503,23.02,1,-18.8,1.68,497.9
1808,503,18.87,1,-19.7,1.06,498.6
1810,503,32.89,1,-20.7,1.87,500.1
1812,503,32.42,1,-21.1,1.73,500.8
1814,503,25.99,1,-21.8,1.98,500.7
1816,504,27.63,1,-20.2,2.41,500.8
1818,504,27.10,1,-19.1,3.02,501.4
1821,504,26.72,1,-19.1,3.16,501.2
1823,504,16.16,1,-19.3,1.81,499.8
1825,51,16.72,1,-21.9,1.01,499.4
1827,504,26.43,1,-24.3,1.26,500.4
1829,504,29.18,1,-24.2,1.27,502.0
1831,46,27.06,1,-26.1,1.44,252.9
1833,504,21.41,1,-27.0,1.08,253.4
1835,40,21.29,1,-27.0,1.34,1015.6
1837,40,20.98,1,-26.7,1.33,254.4
1839,40,20.42,1,-24.4,1.18,254.4
1841,504,22.89,1,-24.0,1.91,254.5
1843,504,21.54,1,-24.3,1.79,253.9
1845,504,19.70,1,-23.9,1.57,253.0
1847,504,26.56,1,-25.8,2.27,503.6
1849,504,31.20,1,-24.0,2.33,503.1
1851,504,31.57,1,-24.0,2.47,503.0
1853,504,32.30,1,-24.6,2.35,503.1
1855,504,26.45,1,-24.1,1.64,502.4
1857,504,29.79,1,-22.6,2.75,502.5
1859,504,30.83,1,-21.1,2.51,502.1
1861,504,35.17,1,-20.1,3.14,502.0
1864,504,35.86,1,-19.5,4.14,501.5
1866,504,37.32,1,-20.9,2.82,501.1
1868,504,41.96,1,-22.3,4.34,500.9
1870,504,35.59,1,-22.1,3.09,500.4
1872,505,28.58,1,-23.9,2.23,500.4
1874,505,38.01,1,-23.7,2.90,500.8
1876,505,43.05,1,-21.9,3.38,500.0
1878,505,36.37,1,-23.0,3.10,500.1
1880,505,31.57,1,-23.3,2.75,500.3
1882,505,23.61,1,-22.8,1.60,501.0
1884,505,32.39,1,-24.0,2.19,501.4
1886,505,29.71,1,-22.8,1.23,501.6
1888,505,30.07,1,-21.0,1.63,501.4
1890,505,25.90,1,-20.8,1.36,501.5
1892,505,24.78,1,-20.8,1.14,501.2
1894,42,20.97,1,-21.5,1.03,500.6
1896,505,20.18,1,-20.3,1.17,500.3
1898,505,19.57,1,-19.8,1.79,499.8
1900,505,21.55,1,-19.4,2.08,499.8
1902,505,20.84,1,-19.4,2.20,497.8
1904,505,13.73,1,-19.0,1.39,496.8
1907,505,23.62,1,-18.2,2.58,494.9
1909,505,26.37,1,-17.9,2.40,496.2
1911,505,26.38,1,-18.0,2.20,497.8
1913,505,18.79,1,-19.5,1.63,498.0
1915,507,23.79,1,-22.1,1.50,499.8
1917,507,25.56,1,-23.3,2.47,499.6
1919,507,20.67,1,-22.1,1.69,993.4
1921,45,8.81,1,-19.9,1.22,993.2
1923,45,9.52,1,-19.2,1.34,993.2
1925,45,10.70,1,-18.7,1.44,993.1
1927,40,8.94,1,-18.4,1.15,992.7
1929,40,9.90,1,-18.9,1.27,496.0
1931,55,11.02,1,-18.9,1.53,996.5
1933,55,10.43,1,-19.2,1.71,995.8
1935,55,15.85,1,-19.7,1.78,497.5
1937,55,12.35,1,-19.4,1.15,498.0
1939,55,9.53,1,-18.6,1.13,497.9
1941,55,10.18,1,-18.5,1.21,498.7
1943,46,9.99,1,-18.9,1.12,498.0
1945,148,10.59,1,-20.2,1.12,500.0
1947,42,9.36,1,-22.3,1.01,1003.1
1950,48,13.78,1,-22.8,1.27,501.6
1952,46,20.69,1,-22.1,1.20,1003.6
1954,48,13.69,1,-20.3,1.34,1003.7
1956,46,11.91,1,-19.7,1.20,1003.4
1958,129,10.48,1,-19.9,1.09,501.2
1960,45,16.82,1,-20.1,1.37,500.5
1962,45,22.11,1,-21.8,2.14,500.7
1964,40,19.45,1,-20.2,1.35,500.5
1966,40,24.60,1,-19.1,1.20,500.7
1968,40,24.83,1,-19.2,1.36,500.8
1970,40,18.17,1,-20.0,1.08,501.9
1972,54,16.40,1,-21.8,1.30,502.2
1974,54,28.85,1,-24.8,1.91,502.9
1976,57,13.42,1,-27.2,1.07,502.3
1978,51,15.13,1,-27.1,1.35,502.4
1980,50,13.23,1,-27.6,1.12,501.8
1982,43,14.27,1,-24.8,1.06,501.7
1984,66,10.82,1,-23.1,1.16,501.5
1986,69,10.94,1,-21.7,1.04,501.1
1988,46,10.15,1,-21.3,1.06,501.0
1990,380,11.66,1,-21.4,1.07,500.6
1993,380,11.69,1,-22.4,1.04,993.1
1995,380,13.79,1,-24.0,1.34,996.2
1997,377,16.44,1,-23.6,1.30,995.2
1999,54,14.31,1,-24.7,1.47,994.0
2001,54,13.71,1,-24.0,1.61,996.0
2003,54,13.11,1,-23.6,1.34,995.0
2005,57,11.44,1,-24.2,1.04,995.1
2007,40,11.33,1,-24.7,1.03,997.1
2009,45,19.15,1,-24.5,1.50,999.6
2011,45,17.39,1,-25.5,1.74,1000.6
2013,45,25.16,1,-22.6,2.03,1001.4
2015,45,18.58,1,-22.0,1.54,1001.6
2017,42,23.80,1,-21.8,1.77,1002.6
2019,42,26.12,1,-21.7,1.93,1001.5
2021,42,25.03,1,-23.3,1.70,1000.9
2023,42,16.66,1,-20.4,1.78,999.3
2025,40,10.74,1,-19.9,1.23,506.7
2027,40,10.68,1,-20.0,1.20,506.7
2029,69,9.95,1,-19.4,1.06,499.0
2031,108,10.59,1,-19.5,1.12,498.5
2033,76,8.09,1,-18.5,1.04,497.5
2036,489,7.61,1,-18.5,1.03,497.4
2038,40,9.08,1,-19.1,1.01,497.6
2040,48,11.05,1,-20.4,1.15,250.7
2042,48,12.96,1,-23.9,1.29,992.2
2044,48,11.69,1,-23.9,1.18,993.3
2046,43,11.35,1,-22.7,1.15,992.2
2048,42,9.04,1,-20.4,1.17,992.4
2050,54,9.02,1,-20.0,1.24,992.3
2052,54,9.10,1,-19.7,1.08,992.9
2054,40,13.87,1,-19.8,1.32,994.3
2056,42,12.18,1,-20.1,1.48,1001.6
2058,42,12.89,1,-19.8,1.40,1001.9
2060,42,13.00,1,-20.0,1.38,998.7
2062,42,16.57,1,-20.2,1.54,496.1
2064,41,12.15,1,-19.7,1.22,493.6
2066,41,9.77,1,-19.0,1.13,989.8
2068,108,8.81,1,-19.0,1.01,494.1
2070,83,9.87,1,-19.8,1.02,494.1
2072,46,13.05,1,-21.7,1.04,998.8
2074,43,12.45,1,-23.7,1.06,1001.7
2077,86,12.08,1,-23.4,1.01,1002.5
2079,48,14.72,1,-22.3,1.58,1002.5
2081,46,11.15,1,-20.4,1.23,1003.7
2083,46,11.02,1,-20.0,1.15,1003.6
2085,40,10.29,1,-20.3,1.05,501.1
2087,61,16.11,1,-20.7,1.17,500.8
2089,40,20.70,1,-22.2,1.36,500.8
2091,40,17.82,1,-21.0,1.39,500.7
2093,49,21.49,1,-20.4,1.71,500.8
2095,40,20.11,1,-21.0,1.25,501.0
2097,40,19.66,1,-22.6,1.01,502.1
2099,60,18.04,1,-24.6,1.10,254.0
2101,45,28.23,1,-27.7,1.37,254.3
2103,43,14.65,1,-30.8,1.26,254.1
2105,56,19.00,1,-26.9,1.53,253.1
2107,67,11.31,1,-24.2,1.15,252.9
2109,48,11.40,1,-24.1,1.50,252.0
2111,66,11.15,1,-22.0,1.25,250.8
2113,49,11.73,1,-22.6,1.22,252.4
2115,52,12.79,1,-22.6,1.28,254.8
2117,52,13.16,1,-22.5,1.20,519.8
2120,65,12.45,1,-22.5,1.10,1042.0
2122,68,13.08,1,-21.0,1.21,1042.4
2124,65,10.70,1,-20.9,1.19,257.6
2126,50,9.64,1,-20.3,1.13,257.6
2128,48,10.75,1,-20.9,1.21,256.3
2130,42,11.14,1,-21.3,1.45,256.6
2132,44,9.21,1,-21.4,1.35,996.5
2134,57,8.29,1,-21.5,1.22,997.3
2136,44,9.52,1,-22.0,1.40,522.3
2138,44,11.13,1,-23.1,1.46,522.9
2140,44,9.92,1,-24.9,1.22,1056.5
2142,82,19.13,1,-25.6,1.25,1056.6
2144,82,22.10,1,-26.1,1.33,524.1
2146,44,18.45,1,-22.0,1.76,266.4
2148,44,18.55,1,-22.0,1.77,298.4
2150,44,15.40,1,-21.1,1.48,299.9
2152,44,16.07,1,-21.1,1.46,295.5
2154,42,16.38,1,-23.7,1.46,292.0
2156,42,15.96,1,-23.9,1.51,294.2
2158,44,23.48,1,-25.4,1.56,1162.7
2160,44,37.01,1,-27.7,1.71,1162.5
2163,44,31.04,1,-27.6,1.41,701.4
2165,44,32.36,1,-27.6,1.39,689.5
2167,43,32.29,1,-34.1,1.17,698.7
2169,48,35.44,1,-34.3,1.21,1169.3
2171,66,25.67,1,-40.7,1.45,1145.1
2173,66,30.53,1,-40.8,1.53,1143.6
2175,75,21.13,1,-55.9,1.19,1143.3
2177,63,7.66,1,-65.9,1.50,1143.4
2179,48,6.29,1,-66.4,1.04,943.7
2181,53,16.28,1,-62.9,1.05,797.5
2183,84,18.16,1,-62.2,1.11,682.0
2185,53,13.69,1,-60.9,1.01,675.6
2187,53,13.95,1,-60.8,1.03,677.3
2189,49,10.79,1,-62.5,1.20,674.0
2191,52,14.60,1,-62.1,1.83,674.0
2193,52,15.79,1,-63.8,1.65,673.4
2195,59,18.21,1,-59.4,1.27,545.1
2197,59,17.93,1,-59.1,1.28,544.7
2199,75,17.35,1,-59.5,1.31,1192.5
2201,79,17.34,1,-59.0,1.19,481.1
2203,43,10.05,1,-61.7,1.20,480.6
2206,50,14.64,1,-60.0,1.27,575.0
2208,41,17.22,1,-54.2,1.06,575.5
2210,64,16.98,1,-54.3,1.12,575.3
2212,64,17.46,1,-54.4,1.08,575.6
2214,44,35.86,1,-53.5,1.37,576.0
2216,47,25.43,1,-43.2,1.34,822.5
2218,42,20.05,1,-39.0,1.24,996.1
2220,41,20.53,1,-34.3,1.27,818.9
2222,41,20.51,1,-34.3,1.25,818.9
2224,41,22.37,1,-34.8,1.36,1011.3
2226,41,40.40,1,-36.0,1.42,1012.1
2228,51,29.72,1,-54.0,1.25,485.8
2230,51,30.97,1,-54.2,1.39,485.3
2232,488,89.83,1,-63.6,9.15,1012.0
2234,43,15.05,1,-64.6,1.96,1012.1
2236,41,12.99,1,-64.4,1.44,486.6
2238,41,18.30,1,-63.6,1.44,470.0
2240,41,18.48,1,-62.8,1.63,469.9
2242,51,17.66,1,-62.4,1.94,563.7
2244,51,18.44,1,-62.2,2.10,564.1
2246,49,17.05,1,-61.6,1.37,1003.0
2249,59,16.77,1,-61.0,1.69,302.4
2251,141,10.53,1,-58.9,1.18,602.2
2253,596,16.58,1,-55.3,1.11,596.4
2255,596,14.73,1,-54.1,1.16,598.1
2257,596,12.99,1,-52.6,1.11,598.2
2259,596,13.27,1,-52.8,1.01,349.8
2261,58,39.28,1,-53.8,1.55,1064.1
2263,58,41.14,1,-54.6,1.56,1063.8
2265,58,60.81,1,-56.7,1.49,1063.8
2267,50,15.07,1,-59.9,1.44,350.2
2269,49,14.49,1,-60.8,1.46,1061.3
2271,53,21.08,1,-62.2,1.69,1064.5
2273,50,8.81,1,-66.8,1.43,822.7
2275,50,9.96,1,-66.8,1.60,863.4
2277,127,12.99,1,-65.3,1.07,981.4
2279,44,16.54,1,-64.4,1.25,855.1
2281,1290,22.16,1,-58.9,1.39,855.6
2283,1290,21.70,1,-58.8,1.30,1024.2
2285,1290,23.95,1,-59.4,2.73,1024.2
2287,1290,23.55,1,-59.4,2.50,1024.2
2289,51,10.54,1,-62.3,1.63,1024.5
2292,51,7.83,1,-62.5,1.24,1024.6
2294,50,9.05,1,-62.6,1.32,947.9
2296,94,58.41,1,-58.1,1.02,524.8
2298,145,15.90,1,-52.5,1.10,339.2
2300,145,15.81,1,-52.5,1.12,339.2
2302,145,17.12,1,-51.8,1.16,339.2
2304,68,17.16,1,-51.3,1.09,587.1
2306,84,17.64,1,-52.6,1.13,587.0
2308,84,17.93,1,-52.6,1.15,333.4
2310,84,27.03,1,-53.5,1.30,587.7
2312,46,7.07,1,-67.1,1.09,587.7
2314,50,10.27,1,-66.4,1.08,587.6
2316,70,10.20,1,-66.2,1.19,266.4
2318,49,9.62,1,-66.1,1.20,266.4
2320,49,10.24,1,-65.9,1.44,624.0
2322,49,7.23,1,-66.4,1.33,616.6
2324,57,12.77,1,-64.4,2.51,618.0
2326,45,31.32,1,-58.9,1.54,1077.2
2328,45,25.44,1,-58.6,1.31,730.7
2330,45,25.50,1,-58.6,1.28,715.1
2333,45,27.59,1,-59.0,1.26,714.7
2335,52,17.67,1,-56.1,1.11,658.4
2337,40,17.88,1,-56.0,1.12,845.5
2339,67,14.76,1,-53.5,1.07,661.6
2341,67,13.42,1,-53.1,1.11,779.6
2343,72,11.66,1,-55.2,1.10,778.6
2345,72,14.60,1,-55.8,1.14,778.4
2347,1480,32.01,1,-60.4,2.27,775.6
2349,42,7.48,1,-65.2,1.05,775.7
2351,50,8.44,1,-65.5,1.49,940.3
2353,50,9.10,1,-65.2,1.24,693.9
2355,50,8.17,1,-65.0,1.14,692.8
2357,42,8.30,1,-65.1,1.12,693.3
2359,165,14.38,1,-64.3,1.40,843.4
2361,165,15.05,1,-64.4,1.64,845.2
2363,43,14.63,1,-63.5,1.29,844.7
2365,43,15.64,1,-63.0,1.44,845.1
2367,75,24.03,1,-62.5,1.58,844.6
2369,75,22.58,1,-62.5,1.56,766.8
2371,75,16.83,1,-62.2,1.80,907.8
2373,75,18.31,1,-62.5,1.89,1192.5
2376,79,17.68,1,-64.0,1.61,1192.5
2378,79,16.68,1,-62.6,1.34,1192.6
2380,45,12.80,1,-63.7,1.23,908.1
2382,45,13.74,1,-63.7,1.37,908.2
2384,54,17.76,1,-63.0,1.83,1068.4
2386,42,23.18,1,-60.6,1.08,837.3
2388,131,14.25,1,-56.1,1.17,283.4
2390,131,14.30,1,-56.2,1.25,949.5
2392,131,14.27,1,-56.1,1.26,950.3
2394,41,15.07,1,-59.0,1.09,841.8
2396,43,13.06,1,-63.8,1.59,1047.1
2398,43,12.75,1,-63.7,1.64,284.0
2400,50,10.16,1,-64.8,1.49,1161.7
2402,53,20.70,1,-59.0,1.39,984.4
2404,46,17.25,1,-57.3,1.74,501.1
2406,53,15.18,1,-54.5,1.34,501.1
2408,46,14.15,1,-53.5,1.46,254.3
2410,42,11.20,1,-53.2,1.23,254.5
2412,43,11.18,1,-53.8,1.16,254.5
2414,44,10.67,1,-56.1,1.40,254.5
2416,45,16.70,1,-56.7,1.21,254.5
2419,175,18.64,1,-49.3,1.05,880.6
2421,175,17.34,1,-49.1,1.10,945.3
2423,175,17.46,1,-49.1,1.10,880.6
2425,42,13.49,1,-50.7,1.04,880.3
2427,895,94.74,1,-56.0,5.00,880.3
2429,895,72.77,1,-55.8,5.58,895.5
2431,895,68.44,1,-55.3,4.74,895.4
2433,895,63.95,1,-54.9,4.92,895.7
2435,41,12.71,1,-53.7,1.15,895.6
2437,45,12.23,1,-53.0,1.36,895.6
2439,45,11.40,1,-53.3,1.28,1055.5
2441,45,12.77,1,-53.5,1.22,730.7
2443,42,13.90,1,-60.6,1.41,954.7
2445,43,13.56,1,-62.4,1.20,958.5
2447,119,14.13,1,-63.3,1.40,954.7
2449,43,14.03,1,-63.7,2.37,734.8
2451,43,13.61,1,-63.8,2.12,734.6
2453,41,10.04,1,-64.5,1.85,478.3
2455,41,9.60,1,-64.5,1.71,639.3
2457,46,7.08,1,-65.4,1.45,1088.1
2459,46,7.10,1,-65.3,1.29,1087.1
2462,46,7.09,1,-65.3,1.19,543.7
2464,42,7.43,1,-65.3,1.25,468.9
2466,42,6.76,1,-65.3,1.03,470.2
2468,46,7.90,1,-65.3,1.45,608.2
2470,46,10.89,1,-65.3,1.88,937.1
2472,46,15.88,1,-63.3,1.70,610.4
2474,46,12.70,1,-63.2,1.34,610.7
2476,46,14.83,1,-62.7,1.48,1181.0
2478,46,14.73,1,-62.6,1.51,618.4
2480,53,10.59,1,-64.2,2.07,905.1
2482,53,10.66,1,-64.3,2.25,904.8
2484,112,5.99,1,-65.2,1.05,652.5
2486,70,11.94,1,-63.4,1.03,904.6
2488,42,12.03,1,-63.4,1.09,739.3
2490,42,12.18,1,-63.4,1.12,767.9
2492,42,13.91,1,-63.4,1.30,695.2
2494,49,11.64,1,-64.0,1.60,991.9
2496,49,11.58,1,-64.0,1.59,1042.9
2498,46,13.17,1,-63.5,1.57,790.4
2500,46,13.07,1,-63.4,1.82,790.9
2502,53,9.00,1,-64.6,1.43,1034.3
2505,101,26.27,1,-63.8,3.34,682.5
2507,101,22.63,1,-63.0,2.74,1195.6
2509,46,18.44,1,-59.9,1.10,1162.9
2511,46,21.10,1,-57.6,1.16,1130.1
2513,528,32.33,1,-46.5,1.39,1042.8
2515,40,55.41,1,-42.1,2.40,1041.9
2517,47,48.16,1,-41.2,2.22,1041.8
2519,47,52.35,1,-41.3,2.24,1041.8
2521,49,47.12,1,-41.8,1.69,1041.8
2523,49,59.88,1,-45.6,1.57,450.9
2525,72,24.59,1,-49.2,1.05,450.9
2527,72,27.30,1,-49.3,1.06,965.3
